"job_title","hiring_companies","location","salary","job_url","job_description"
"If you are a Data Scientist looking for the next step in your ca","CyberCoders","Miami, FL",NA,"https://job-openings.monster.com/if-you-are-a-data-scientist-looking-for-the-next-step-in-your-ca-miami-fl-us-cybercoders/d88d8f71-2e2c-4ec9-8353-ab759eda1f3d","If you are a Data Scientist looking for the next step in your ca If you are a If you are a Data Scientist looking for the next step in your ca with experience, please read on!What You Will Be DoingDesigning Data Architecture, user interfaces and middleware using Microsoft AzureCode review Documentation and performing design.Maintaining uniform enterprise application design standardsWhat You Need for this PositionMore Than 5 Years of experience and knowledge of:Wide data warehouse/data lake implementations on cloud based platformsSoftware skill such as Python, .Net, Angular, MuleSoft, AJAX, C#/ C++ and LAMP.Cloud platform, including Microsoft .NET Framework, SQL, MuleSoft or Java Enterprise EditionWhat's In It for YouSo, if you are a Data Scientist with experience, please apply today or email me at Eric.Bomengen@CyberCoders.comSo, if you are a If you are a Data Scientist looking for the next step in your ca with experience, please apply today! - Applicants must be authorized to work in the U.S.CyberCoders, Inc is proud to be an Equal Opportunity Employer All qualified applicants will receive consideration for employment without regard to race, color, religion, sex, national origin, disability, protected veteran status, or any other characteristic protected by law. Your Right to Work – In compliance with federal law, all persons hired will be required to verify identity and eligibility to work in the United States and to complete the required employment eligibility verification document form upon hire."
"Data Scientist","Eaton Corporation","Eden Prairie, MN",NA,"https://job-openings.monster.com/data-scientist-eden-prairie-mn-us-eaton-corporation/2577f928-ed07-402e-bfd1-3e8a72ecb61e","Eaton’s Hydraulics division is currently seeking a DataScientist to join our team. This position is based at our EdenPrairie, MN facility.The Data Scientist is responsible for clarifyingrequirements and transforming data into actionable insights, work on innovativeprojects, combine expert statistical modeling knowledge with data science andanalytics, including demand forecasting, operational analytics, and pricingoptimization. In this role, youwill work with a wide range of stakeholders and functional teams and must havea proven ability to drive business results with your data-based insights.Making what matters work at Eaton takes the passion ofevery employee around the world. We create an environment where creativity,invention and discovery become reality, each and every day. It’s where bold,bright professionals like you can reach your full potential—and where you canhelp us reach ours.You will collaborate with business leaders, subject matter experts, development teams, and other stakeholders to develop analytical solutions and apply the solutions in our technologyYou will assess various data sources and utilize data gathering techniques for preparing data for analysisYou will mine and analyze data from company databases and external data sources to drive optimization and improvement of business strategiesYou will develop custom data models, algorithms and other analytical techniques to develop predictive modelsYou will develop predictive models to increase and optimize customer experiences, increase revenue and profitability, enhance business processes incorporating business and operational goals, as well as market conditionsYou will engineer features by using your business acumen to find new ways to combine disparate data sourcesYou will identify opportunities to build statistical models, customized segmentation schemes, and create forecastsYou will develop new metrics and indicators to help business units in improving performance and efficienciesWhen we embrace the different ideas, perspectives andbackgrounds that make each of us unique, we — as individuals and as a company —are stronger. We are committed to ensuring equal employmentopportunities for all job applicants and employees. Employment decisions arebased upon job-related reasons regardless of an applicant's race, color,religion, sex, sexual orientation, gender identity, age, national origin,disability, marital status, genetic information, protected veteran status, orany other status protected by law.QualificationsRequired (Basic) Qualifications: Master’sDegree in a technical field (Data Science, Statistics, Operations Research,Math, Physics, Engineering, Business Analytics) from an accredited instruction froman accredited institution AND minimum of two (2) years’ of work experience withengineering, statistical methodology and analysis ORBachelor’s Degree from an accreditedinstitution AND minimum of five (5) years' of work experience with engineering,statistical methodology and analysis Relocation assistance is notavailable for this position. Only candidates currently located within a 60 mileradius of Eden Prairie, MN, will be considered.Must be legally authorized to work in the United States without company sponsorship. Preferred Qualifications:Master’sDegree in a technical field (Data Science, Statistics, Operations Research,Math, Physics, Engineering, Business Analytics) from an accredited instruction froman accredited institutionExperience using statisticalcomputer languages (R, Python, SLQ, etc.) to manipulate data and draw insightsfrom large data sets.Knowledge and experience instatistical and data mining techniques: GLM/Regression, Random Forest,Boosting, Trees, text mining, social network analysis, etc.Knowledge of advanced statisticaltechniques and concepts (regression, properties of distributions, statisticaltests and proper usage, etc.) and experience with applications.Knowledge of relational database andmulti-dimensional concepts with ability to perform complex queries in a SQLServer environmentExperience in Tableau or other datavisualization software #LI-KW1We make what matters work. Everywhere you look—from the technology and machinery that surrounds us, to the critical services and infrastructure that we depend on every day—you’ll find one thing in common. It all relies on power. That’s why Eaton is dedicated to improving people’s lives and the environment with power management technologies that are more reliable, efficient, safe and sustainable. Because this is what matters.We are confident we can deliver on this promise because of the attributes that our employees embody. We’re ethical, passionate, accountable, efficient, transparent and we’re committed to learning. These values enable us to tackle some of the toughest challenges on the planet, never losing sight of what matters.Job: MarketingRegion: North America – US/Puerto RicoOrganization: HYD Hydraulics GroupJob Level: Individual ContributorSchedule: Full-timeIs remote work (i.e. working from home or another Eaton facility) allowed for this position?: NoDoes this position offer relocation?: NoTravel: Yes, 10 % of the TimeThe Data Scientist is responsible for clarifyingrequirements and transforming data into actionable insights, work on innovativeprojects, combine expert statistical modeling knowledge with data science andanalytics, including demand forecasting, operational analytics, and pricingoptimization. In this role, youwill work with a wide range of stakeholders and functional teams and must havea proven ability to drive business results with your data-based insights."
"Lead Data Scientist","CenturyLink","BROOMFIELD, CO",NA,"https://job-openings.monster.com/lead-data-scientist-broomfield-co-us-centurylink/8a9ed3aa-2fe3-48b4-86a7-4d3b7da8cd8a","CenturyLink (NYSE: CTL) is a global communications and IT services company focused on connecting its customers to the power of the digital world. CenturyLink offers network and data systems management, big data analytics, managed security services, hosting, cloud, and IT consulting services. The company provides broadband, voice, video, advanced data and managed network services over a robust 265,000-route-mile U.S. fiber network and a 360,000-route-mile international transport network. Visit CenturyLink for more information. Job Summary The Data Scientist is a highly skilled individual contributor, under minimal supervision, who designs and develops programs, methods, processes, and systems to consolidate and analyze diverse, structured and unstructured “big data” sources to generate actionable insights and solutions using machine learning and advanced analytics. Interprets and communicates insights and findings from analyses and experiments to other analysts, data scientists, and team members.Job Description The Data Scientist proactively identifies meaningful insights by executing data discovery, exploratory data analysis, and iteratively developing predictive and prescriptive models to identify optimal solutions. This position will also assist with operationalizing the insights and solutions and changing business processes to maximize the value of those solutions.Analyze data and build predictive and prescriptive models in the areas of capacity planning, anomaly detection, predictive asset failure/maintenance, workload optimization, customer segmentation and business performance.Mine information for previously unknown patterns and insights hidden in these assets and leverage them for competitive advantage.The problems this position will solve will be at the cutting edge of technology and will lie at the intersection of science, engineering and business acumen.Qualifications Bachelor’s Degree in Math, Computer Science, Data Mining, Machine Learning, Statistics or other quantitative disciplineExperience with statistical programming environments like R, Matlab or OctaveFluent in one or more object oriented languages like C#, C++, Scala, Java, and scripting languages like PythonAble to communicate highly technical information into business termsAble to translate business insights from analytics into potential process or system changes.Able to identify inefficiencies in operating environment by analyzing data patterns and provide possible solutions.Strong ability and track record to bring and lead changes in transformational effortsAble to segment information by product, business unit and customer segment by ecosystem in order to provide better business outcomes. Able work at a global business unit level; understanding the unique requirements of each assigned business unit and translate those specific needs to the corresponding technology partners in order to deliver successful business outcomes.Able to obtain data from disparate environments, normalize and interpret it for consistent insights.Experience working in a large, highly complex and ever-changing organization.Recognized as a change agent.High level of comfort managing competing priorities, crystallizing ideas and thoughts into plans and activities, handling ambiguity constructively, and rationalizing on strategic and managerial levels.Able to build relationships with business and technology partners to influence and collaborate across the organization, strengthen the role of Field Operations & Network Implementation, and implement initiatives and plans.Demonstrates a sense of urgency, accountability and holds same standards for the department. High achiever, results-oriented, with strong analytical and business acumen skills.They should have hands-on experience in multiple systems solutions across several disciplines.They should possess skills and understanding of a variety of Operating Systems and a have a broad and deep understanding of the current company’s technology systems, products and future capabilities.PreferredBachelors with 8+ years experience, or 6+ year with a Master’s Degree, or combination of experience totaling 8+ yearsEducation Bachelors or EquivalentMasters or EquivalentAlternate Location: US-Colorado-Broomfield; US-Colorado-LittletonRequisition #: 215731 This job may require successful completion of an online assessment. A brief description of the assessments can be viewed on our website at http://find.centurylink.jobs/testguides/ EEO StatementWe are committed to providing equal employment opportunities to all persons regardless of race, color, ancestry, citizenship, national origin, religion, veteran status, disability, genetic characteristic or information, age, gender, sexual orientation, gender identity, marital status, family status, pregnancy, or other legally protected status (collectively, “protected statuses”). We do not tolerate unlawful discrimination in any employment decisions, including recruiting, hiring, compensation, promotion, benefits, discipline, termination, job assignments or training.DisclaimerThe above job definition information has been designed to indicate the general nature and level of work performed by employees within this classification. It is not designed to contain or be interpreted as a comprehensive inventory of all duties, responsibilities, and qualifications required of employees assigned to this job. Job duties and responsibilities are subject to change based on changing business needs and conditions."
"Data Scientist","LRS","Maryland Heights, MO",NA,"https://job-openings.monster.com/data-scientist-maryland-heights-mo-us-lrs/6c688631-a3d3-4044-a2a7-4ecfb69f4be6","Our client is in need of a Data Scientist. This is a 6 month right to hire opportunity in St. Louis, MO. If you’re that person, submit your resume now!LRS Consulting Services has been delivering the highest quality consultants to our clients since 1979. We've built a solid reputation for dealing with our clients and our consultants with honesty, integrity, and respect. We work hard every day to maintain that reputation, and we're very interested in candidates who can help us. If you're that candidate, this opportunity is made for you!Our client is seeking a Data Scientist who will be responsible for:Connecting data points and helping draw analytical insights from disparate data sources and on pieces of information that may or may not be connected today. They should have a background in statistics, and/or visual data displays, and/or general data science.Qualifications:-5 years’ experience as a Data Analyst or Data Scientist-Experience with predictive analytics-Candidate must be able to effectively communicate in English (written & verbal) To apply go to jobs.lrs.com. LRS is an equal opportunity employer. Applicants for employment will receive consideration without unlawful discrimination based on race, color, religion, creed, national origin, sex, age, disability, marital status, gender identity, domestic partner status, sexual orientation, genetic information, citizenship status or protected veteran status. Optional Skills:-Understanding of predictive analytics techniques leveraging machine learning algorithms-Past experience with Tableau, Spotfire, or similar preferred-Experience with Alteryx or similar a plus-Ability to explain insights uncovered from analyses-Background in statistics a plus-sql, r, matlab, etc a plus-experience with Hadoop Hive a plus"
"Data Scientist","CBTS a Cincinnati Bell Company","Cincinnati, OH",NA,"https://job-openings.monster.com/data-scientist-cincinnati-oh-us-cbts-a-cincinnati-bell-company/206896014","CBTS is seeking a Senior Data Scientist to join our team. The initial focus of the role will be data classification (mining, analytics) for all of our internal business lines, eventually solving and transforming intensive man hour business problems into on-demand solutions through machine learning and analytics Candidates should have at minimum their Master’s degree but preferably their Doctorate as a Data Scientist. Candidates should be thoroughly experienced in all areas of data analysis: advisory, strategy and implementation, including experience with business intelligence tools. To be clear, we are not looking for a Business Analyst, or someone that just knows how to utilize business intelligence tools, or just has experience with business intelligent reporting (although, those skill sets are required for this data analyst role). Nor are we seeking data analyst candidates from academia—candidates should come from a strong Data Analyst/Data Scientist background in IT.Of the required experience listed in the attached job description, the following are our top mandatory requirements: The candidate should have 6+ years of experience in data mining, data classification and data analytics including using BI tools and technologies (we won’t consider anyone with less than 6 years of experience (no exceptions)*—8 or more years is preferred.Experience with and knowledge of data warehouse and OLAP principlesQualitative & Quantitative Market Research, Analytical techniques, Statistical modeling, Analytical technology, Data interpretation / insight analysis, Data visualization, Insight storytelling, Desk research, Programming (Python, SQL, R or other), Quality assurance and testing.Proven working experience as a data scientist and business intelligence analystTechnical expertise regarding data models, database design development, data mining and segmentation techniquesThe person needs an ability to share and communicate ideas verbally, both orally and in writing, to executive staff, business sponsors, and technical resources in clear concise language that is the parlance of each group.This person will take the guesswork out of business decisions and help the entire organization thrive.The data analyst must be an effective bridge between different teams by analyzing new data, combining different reports, and translating the outcomes.The person will work in teams addressing statistical, machine learning and data understanding problems in multiple business environments.In this role, they will contribute to the development and deployment of modern machine learning, operational research, semantic analysis, and statistical methods for finding structure in large data sets.6-8 years of experience in data mining, data classification and data analytics including using BI tools and technologies (Microsoft Power BI, Tableau, IBM Cognos Analytics, SiSense, Qlik, Birst, Google Analytics, etc)Experience with and knowledge of Azure SQL Server and Traditional SQL Server data warehouse and OLAP principlesQualitative & Quantitative Market Research, Analytical techniques, Statistical modeling, Analytical technology, Data interpretation / insight analysis, Data visualization, Insight storytelling, Desk research, Programming (Python, SQL, R or other), Quality assurance and testing.Proven working experience as a data analyst and business intelligence analystTechnical expertise regarding data models, database design development, data mining and segmentation techniquesKnowledge of statistics and experience using statistical packages for analyzing data sets (Excel, SPSS, SAS etc.)Strong knowledge of and experience with reporting packages (Business Objects etc), databases (SQL etc), programming (XML, JavaScript, or ETL frameworks)Strong analytical skills with the ability to collect, organize, analyze, and disseminate significant amounts of information with attention to detail and accuracyAdept at queries, report writing and presenting findings Job DescriptionTechnical Skills: Use complex computer programs to mine data sources and look for trends.Analytical Skills: Determine what data trends mean. Being able to analyze the data is crucial.Using descriptive statistics to get a big-picture view of their data.Creating visualizations and dashboards to help the company interpret and make decisions with the data.Presenting the results of a technical analysis to business clients or internal teams.Evaluating statistical models to determine the validity of analyses.Using data science and machine learning to build better predictive algorithms.Using Artificial intelligence to interpret events, support and automate decisions, and to take actionsAbility to work in all levels and components of Azure SQL Server and traditional Data Warehouses consisting of ODS, Data Marts, Data Lakes and Data Warehouses.Testing and continuously improving the accuracy of machine learning models.Building data visualizations to summarize the conclusion of an advanced analysis.Integrating external or new data sets into existing data pipelines.Applying feature transformations for machine learning models on new data.Continuously monitoring and testing the system to ensure optimized performance. Preferred ExperienceDemonstrated awareness of feature extraction and real-time analytics methodsDemonstrated awareness of analytic prototyping, analytic scale-up, analytic scaling, and solutions integrationDemonstrated skill in the use of one or more analytic software tools or languages (e.g., SAS, SPSS, R, Python)Demonstrated skill in the use of one or more data mining tools/frameworks/languagesDemonstrated skill in the use of one or more data classification tools/frameworks/languagesDemonstrated skill at data cleansing, data quality assessment, and using analytics for data assessmentDemonstrated skill in the use of applied analytics, descriptive statistics, and predictive analytics on industrial data sets EDUCATION:Master’s Degree in a STEM major (Science, Technology, Engineering, Mathematics) but PhD is Preferred Cincinnati Bell Technology Solutions provides equal employment opportunities (EEO) to all employees and applicants for employment without regard to race, color, religion, gender, sexual orientation, gender identity or expression, national origin, age, disability, genetic information, marital status, amnesty, or status as a protected veteran in accordance with applicable federal, state and local laws"
"Data Review Scientist","System One","Valley Forge, PA",NA,"https://job-openings.monster.com/data-review-scientist-valley-forge-pa-us-system-one/212340291","Title: Data Review SceintistLocation: King of Prussia, PaSchedule: Day shiftType: Contract to HireStart date: Immediate Responsibilities:Perform data review and analysis on client dataAccurately compile results of environmental testingWrite detailed summaries of data for each client and testing facilityIdentify and research data abnormalitiesRequirements:Bachelor’s degree in the life sciences requiredExperience performing data review and data analysisStrong written and verbal communication skillsMust be trainable and hoping to grow within a companyStrong understanding of analytical testing preferredExperience performing ICP-MS preferredExperience working in the life sciences industry, prefer experience in the environmental industry Joule, a System One division is a leader in specialized workforce solutions and integrated services. With more than 6,000 employees and roughly 50 offices throughout the U.S. we provide scientific, clinical, engineering, energy, IT, legal and administrative staffing services. For more than 40 years, we have delivered workforce solutions and integrated services to clients nationally."
"Data Scientist","Adam Kay Group","Saint Joseph, MI",NA,"https://job-openings.monster.com/data-scientist-saint-joseph-mi-us-adam-kay-group/212186127","My SW Lower Michigan client is in need of a Data Scientist to join their team. This person will part of the Enterprise Analytics team, will help build an assortment of models that will have a direct impact into the relationship between our customers and the company. The goal is to anticipate needs and add value. You will implement machine learning algorithms, drive data science analysis for decision making, and build efforts through to production. Perform exploratory and targeted data analyses using statistics and various other methods. Skills for this position will include:Master’s degree (required) in Computer Science, Engineering, Operations Research, Math, Finance, or other quantitative discipline (e.g. Statistics, Data Science, etc.).At least 3 years of professional experience.Experience modeling language such as R or Python, and/or other statistical software such as SAS.Knowledge of various Machine Learning techniques.Experience with relevant statistical measures (e.g., confidence intervals, significance of error measurements, multivariate testing, etc.) in data analysis projects.Experience with SQL. No remote, contract/ C2C or sponsorship is available for this position. Must be authorized to work in the US without expiration and willing to work and live in SW Lower Michigan."
"Associate Data Scientist","United Fire Group","Cedar Rapids, IA",NA,"https://job-openings.monster.com/associate-data-scientist-cedar-rapids-ia-us-united-fire-group/93b2c892-0813-4233-8984-a0fb014300e3","Associate Data ScientistUS-IA-Cedar RapidsJob ID: 2019-2055Type: Regular Full-Time# of Openings: 1Category: Enterprise AnalyticsCedar RapidsOverviewUFG offers you an award-winning workplace and a trustworthy, financially stable company. While we’ve always known our commitment to employees and financial stewardship, it is good to have others recognize our dedicated efforts. We've been named an Iowa Top Workplace by the Des Moines Register for four consecutive years, and included on Forbes’ “America’s Most Trustworthy Financial Companies” every year since 2014. Additionally, UFG is a super-regional property and casualty insurer rated “A” (Excellent) by A.M. Best Company. The UFG Enterprise Analytics Department is focused on delivering strategically-impactful results by building analytically based solutions that integrate a wide range of internal and external data assets. The ultimate objective of the Enterprise Analytics organization is to help UFG gain and maintain a competitive advantage in how it prices risk and identifies potential loss. We are seeking an Associate Data Scientist to facilitate the development of Analytics solutions in support of UFG’s strategic plan. This individual will work closely with business units throughout the organization to develop and implement strategies that leverage data to enable enhanced decision making. The ideal candidate will possess strong technical and communication skills, as well as proven experience in predictive modeling, change management, and the insurance industry in general. ResponsibilitiesWork with management to prioritize modeling needsSupport research and development efforts in a diverse set of challenges as we rapidly prototype and build new modelsExtensive experience analyzing data and a broad understanding of core statistical and ML techniquesDesign, build, and deploy Machine Learning (ML) systems aligning to business objectivesTranslate and champion ML capabilities for non-technical audiencesStay current with modeling techniques/technologiesMaintain positive, professional business acumen and relationships with cross-functional teams and external customersTrain end users on new modelsResearch opportunities for data acquisition and new uses for existing dataCollaborate with data architects, analysts and IT team members on project goalsQualificationsEducation:Competencies typically acquired through a Ph.D. (in Statistics, Computer Science, Mathematics, or other scientific field of study)Experience:1-3 years of relevant commercial P&C modeling experienceExtensive experience analyzing data and a broad understanding of core statistical and ML techniquesPast experience implementing complex data-driven solutions is preferred.Deep experience with GLMs as well as modern machine learning methods.Demonstrated experience in handling large datasets, structured and semi-structured data formatsKnowledge, skills & abilities:This role will require the candidate to be extremely hands on with building models and data driven tools.Advanced Python skills. Should be familiar with Python’s scientific computing ecosystem.Strong analytical skills with the ability to collect, organize, analyze, and disseminate significant amounts of information with attention to detail and accuracy.Ability to translate technical concepts into non-technical, lay terms.Understanding of star/snowflake schemas as general data warehousing methodologies (i.e. Kimball).Strong written and verbal communication skills.Ability to deliver incremental value via an Agile Development Methodology.Ability to thrive in a fast-paced environment with significant uncertaintyPI114452852"
"Data Scientists","Advantage Resourcing","Dearborn, MI",NA,"https://job-openings.monster.com/data-scientists-dearborn-mi-us-advantage-resourcing/212367287","Position Description:Apply Data Science and build models to solve complex business problems. Build predictive models and machine learning algorithms, analyze large amounts of information to discover trends and patterns, undertake the preprocessing of structured and unstructured data as well as monitor and sustain model effectiveness. Combine models through ensemble modeling, present complex information using data visualization techniques and propose solutions and strategies to business challenges that drive business decisions.Skills Required:Proficient in one or more core analytical tools/suites/ languages/Databases such as Python, R, Spark Scala, Pig, Hive, SQL, Hadoop, Alteryx, Qlikview, Tableau and understand their limitations Proficient in one or more analytical methodologies such as numerical optimization, econometric modeling and forecasting, Statistical modeling, machine learning, optimization, simulation methods and text analytics Ability to present results to the business client and analytic peers Well developed communication skills both verbal and writtenSkills Preferred:Proficiency in Machine Learning Toolkits and/or Programming Languages which may include all or a subset of Python, Java, Scala, Spark, Tensor Flow. Spark is currently a preferred toolset.Experience Required:2 Years of professional experience in building complex models using large data setsExperience Preferred:Prefer - 3 or more years of experience desiredEducation Required:BS - Computer Science, Engineering, Statistics, mathematics, Physics or related fields MS in Data ScienceEducation Preferred:PhD- Data Science, mathematicsAdvantage Resourcing is committed to providing equal employment opportunity for all persons regardless of race, color, religion, sex,sexual orientation, gender identity, age, marital status, national origin, citizenship status, disability or veteran status."
"Data Scientist","Ford Motor Company","Palo Alto, CA",NA,"https://job-openings.monster.com/data-scientist-palo-alto-ca-us-ford-motor-company/213048126","Job description: Data Scientist positions offered by Ford Motor Company (Palo Alto, CA). The role spans the full lifecycle from analytic question definition, through data gathering, analysis, reporting/visualization development, testing, and operational deployment and support iterations. Work with business customers, data experts, IT, and internal GDIA colleagues to gather goals and illicit requirements, translate those into technical designs, coordinate with multiple source data owners, and then develop the end user friendly reporting and analytics platform of standard reports and self-service analytics interfaces.Minimum Requirements:· Master's or foreign equivalent degree in engineering, mathematics or a related field · 3 years of experience in the position offered or 3 years of experience performing quantitative modeling and data engineering· 3 years of experience working with descriptive analytics tools· 3 years of experience using Hive, Hadoop, or Alteryx· 3 years of experience creating or maintaining data standards, developing data security recommendations, assessing data quality and creating required transformations· Experience may be, but need not be, acquired concurrently Join our team as we create tomorrow! We believe in putting people first, working together, and facing challenges head-on, because we're Built Ford Tough. We're one team striving to make people's lives better while creating value, delivering excellence and ultimately going for the win.Ford Motor Company is an equal opportunity employer committed to a culturally diverse workforce. All qualified applicants will receive consideration for employment without regard to race, religion, color, age, sex, national origin, sexual orientation, gender identity, disability status or protected veteran status.Visa sponsorship may be available for this position."
"Field Applications Engineer Germany","AudioCodes","Frankfurt, Hessen",NA,"https://job-openings.monster.com/field-applications-engineer-germany-frankfurt-hessen-de-audiocodes/212243474","Position Description:The FAE is part of the DACH Services Team - working from home anywhere in Germany.The main focus of this Post-sale position is to deliver professional and support services which include remote and on-site implementations of AudioCodes’ equipment.It includes effective diagnosis, documentation, and resolution of 2nd/3rd tier issues.The FAE is responsible for the implementation delivery cycle, or problem resolution cycle; from responding to initial trouble reports, to reproducing issues in our lab and/or escalating into Engineering as needed, to solution delivery and follow-up.May also support pre-sales engineering activities, POCs and customer training.The position involves the following responsibilities:Direct handling of Professional Services activitiesOnsite and Remote sessionsTroubleshooting & DebuggingReproducing issues in the labEnsuring High Customer SatisfactionInterfacing with backend support/R&D for L4Out of hours work This position requires exceptional organizational, troubleshooting, and communication skills, as well as patience, persistence, and a desire to help customers achieve success with our products.Traveling within EMEA is required as well as off hour’s installations and support. Qualifications:Bachelor’s degree Engineering or University Diploma in Telecommunications, Electrical Engineering or Computer Science.3 years’ experience in a customer-facing technical role.In-depth, hands-on experience with Telecommunications equipment (e.g. Voice & UC technologies, Data networking equipment, PSTN protocols, VOIP protocols, TCP/IP, MS Servers infrastructure, etc.)Data Networking and Telephony In-depth experience (e.g. working with Cisco, Hands-on, QOS, Dynamic Protocols, IPsec, Routing and Bridging).Experience writing application notes & technical / project documentsExcellent English written and oral communication skills. Advantages:Working with Microsoft Unified Communications solutions (Lync/Skype For Business)SBC experience, Working with Ribbon, Acme Packet, AudioCodes, Avaya, Cisco, Patton, Sangoma technologies or solutionsWorking in an OEM/Vendor or Service Provider, dealing with Telephony, ACD, PBX, Voice Communication systems or solutions"
"Precision Medicine Data Scientist","The US Oncology Network","Dallas, TX",NA,"https://job-openings.monster.com/precision-medicine-data-scientist-dallas-tx-us-the-us-oncology-network/212643423","Position SummaryTexas Oncology is searching for a Precision Medicine Data Scientist in Dallas. The Precision Medicine Data Scientist will be responsible for performing statistical data analytics building, maintaining and organizing patient data in our central data warehouse, analyzing, reviewing and improving workflows to gain project efficiencies through minimizing manual data entry, and improving extraction of patient data/PDF reports out of the LIS, EMR, and/or patient portals. The Laboratory Data Scientist must be familiar with data storage and standardization, database design and implementation, longitudinal data analysis, and carrying out statistical analysis to investigate data patterns. The Laboratory Data Scientist must have a depth of knowledge regarding molecular testing, especially next-generation sequencing, as well as working within an EMR/LIS.Texas Oncology delivers high-quality, high-touch care to help cancer patients achieve “More breakthroughs. More victories.” ® in their fight against cancer. We are an independent, physician-led practice delivering leading-edge technology and treatment options and conducting innovative research. Founders of the practice pioneered community-based care to enable more cancer patients to receive high-quality care while staying close to the critical support of family and friends.Texas Oncology has more than 150 sites of service throughout Texas, with more than 350 physicians dedicated to serving our patients. On average, we treat more than 50,000 new cancer patients each year, with documented growth year over year. Texas Oncology pioneered the concept of community-based, outpatient, multidisciplinary cancer centers. We give local communities access to leading-edge technology that was previously only available in larger metropolitan areas. Texas Breast Specialists and Texas Urology Specialists are a part of Texas Oncology. Texas Oncology is an affiliate of The U.S. Oncology Network, which is owned by McKesson Specialty Health, a division of McKesson Corporation. ESSENTIAL DUTIES AND RESPONSIBILITIES:-Build, maintain and organize the central data warehouse, composed of patients’ molecular profiling test results, to required project data standards. -Results will come from multiple sources (sFTP, Amazon s3 bucket, HL7, email) in different structured formats (excel, .csv, .xml) and will need to be merged into one standardized format within the CDW. -BAM files will need to be collected for each report and stored on data server. -Must be able to identify and understand testing nomenclature from a full clinical compendium. -Must have in-depth knowledge of various components of molecular profile test results, including genetic alterations and proteomics, and being able to identify them.-Broad statiscal analysis on data, including running queries, reviewing data, understanding trends, determining and communication recommendations based on data.-Partnering with team members on projects to determine data needs and extraction of that patient data from EHR/LIS/CVP and into clinical data repository.- Pushing historical HL7 messages from legacy LIS into clinical data repository.-Pulling patient reports out of LIS, EMR, and/or patient portals.- Identifying process improvement, gaining buy-in and effectively implementing new data science workflows that minimize manual/ad-hoc data analysis.- Utilizing Natural Language Processing to transform unstructured data from PDF reports into structured data.- Familiarity with other LISs for use by precision medicine department for orders/results (other than Harvest/COPIA).- Other responsibilities as assigned relative to the development of project Initiative.MINIMUM QUALIFICATIONS:Education/Training: Bachelor’s degree in science/health care with 5 years of experience. Other preferred Experience: Experience writing code, ideally in SQL, Python Experience working within an EMR/LIS, and have knowledge about precision medicine, molecular profile testing, and proteomics Proficient in Microsoft Excel, Access Experience working in data visualization software, like Tableau Possess strong verbal and written communication skills Specialized Knowledge/Skills: Highly motivated and willing to proactively identify productive areas to work in (rather than waiting to be told what to do) About Texas Oncology:The vision of Texas Oncology is to be the first choice for cancer care. We have high standards for patient satisfaction and offer exceptional value in cancer care. We also strive to advance clinical research and develop innovative approaches to treatment of oncology and hematology disorders. The mission of Texas Oncology is to provide excellent, evidence-based care for each patient we serve, while advancing cancer care for tomorrow. To this end, we give patients access to the highest quality cancer care available today within their own local communities. Our cutting-edge technologies, treatments and research are offered in welcoming and comfortable environments. We maintain comprehensive quality oversight and responsible financial management. At all times, we pride ourselves in being moral, ethical and efficient as a medical practice and employer. We extend an extremely competitive offering of benefits to employees, including Medical Health Care, Dental Care, Vision Plan, 401-k with a matching component, Life Insurance, Short-term and Long-term disability and Wellness & Perks Programs.Come join our growing organization and enjoy knowing that you work for an organization dedicated to making the lives of others better.The US Oncology Network is an Equal Opportunity Employer. All qualified applicants will receive consideration for employment without regard to race, color, religion, sex, sexual orientation, gender identity, or national origin.Category: Clinical Post to: *M The US Oncology Network is an Equal Opportunity Employer. All qualified applicants will receive consideration for employment without regard to race, color, religion, sex, national origin, sexual orientation, gender identity, disability or protected veteran status."
"Data Scientist","HersheyCareers","Hershey, PA",NA,"https://job-openings.monster.com/data-scientist-hershey-pa-us-hersheycareers/213029982","Job Title: Data Scientist Job Location: Hershey, PA Job Summary: The Enterprise Data Science team within Hershey Information Systems provides exciting opportunities to innovate using machine-intelligent algorithms in a fast-paced team environment that contribute to game-changing projects and transformational technologies. As a data scientist on the Enterprise Data Science team, you will partner with technology and business partners to build new, data-driven, machine-intelligent capabilities that impact the business. You will work with large volumes of data, innovative technologies, and advanced methods to solve real business problems. You will design and run experiments, research new algorithms, and find new ways of optimizing risk, profitability, and customer experience. Applicants must have a strong background in machine learning, statistical modeling, feature engineering, optimization, exploratory data analysis, data mining and pattern recognition. Primary Responsibilities: Use machine learning, deep learning and advanced statistical techniques to create scalable solutions to business problems Collaborate with business partners, solution managers and data engineers to define and quantify business problems, and help them implement appropriate algorithmic solutions Demonstrate understanding of regression/classification, time series forecasting, optimization, natural language processing, image classification, data mining and other machine learning concepts Wrangle large datasets, identify critical information, develop and test hypotheses and make data-driven recommendations Design, develop and evaluate predictive and prescriptive models Influence decision making by synthesizing complex analyses into actionable recommendations for business partners Identify business processes that can be optimized through automation Communicate technical results to non-technical audiences Experience Requirements: 2+ years of relevant experience building large scale machine learning or deep learning models in a professional setting 2+ years of experience building, training, scoring, tuning and maintaining predictive models 2+ years of experience mining, cleaning, transforming and harmonizing data from disparate sources 2+ years of experience working with Azure, AWS and/or Google Cloud Experience with large-scale data storage processing architectures (Hadoop, SQL, HIVE, Spark/SparkR, etc.) Experience with deep learning frameworks such as TensorFlow/Keras Experience working with internal and external stakeholders to scope, manage and deliver data science projects Qualifications: Master’s degree with STEAM focus required, Ph.D. welcome to apply Comfortable working in a fast paced, highly collaborative, dynamic work environment Fluency in one or more languages (e.g. Python, R, Java, C++) Depth and breadth in quantitative knowledge with excellent quantitative modeling, statistical analysis and problem-solving skills Strong working knowledge of deep learning, machine learning and statistics Ability to translate business requirements into measurable and actionable data-driven initiatives Natural curiosity, desire to learn and a willingness to teach others Strong communication skills (written and oral) Possess a startup mindset with entrepreneurial, experimental, and exploratory behaviors Demonstrated leadership skills and capable of self-direction Desire to educate stakeholders in the application of data-driven methodologies to­ their functional areas The Hershey Company is an Equal Opportunity Employer. The policy of The Hershey Company is to extend opportunities to qualified applicants and employees on an equal basis regardless of an individual's race, color, gender, age, national origin, religion, citizenship status, marital status, sexual orientation, gender identity, transgender status, physical or mental disability, protected veteran status, genetic information, pregnancy, or any other categories protected by applicable federal, state or local laws. The Hershey Company is an Equal Opportunity Employer - Minority/Female/Disabled/Protected Veterans"
"Data Scientist","Eagle Ray","Bolling AFB, DC",NA,"https://job-openings.monster.com/data-scientist-bolling-afb-dc-us-eagle-ray/213035083","OverviewWe are currently seeking a Data Scientist to oversee and manage complex, state of the art, new unique programs and projects related to information technology.ResponsibilitiesDevelop and presents issues, conclusions, and recommendations to senior leadership based on reviews and evaluations.Directs and conducts analysis of requirements pertaining to Agency programs and objectives.Examines policies to identify those affecting programs and determines approaches to resolving issuesIdentify problem areas, define the nature and scope of the problem and objectives sought.Work with a team to design, implement, and maintain new systems.Provide guidance to the customer on best-practices.Perform other duties as assigned.QualificationsMust have an active/current TS/SCI and be able to pass a CI Poly.Approximately 10 years of experience in information systems development, focused on processing large volume, near-real time data feeds to meet data analytics and security requirements.Experience and knowledge of tools associated with multiple intelligence missions.Bachelor’s Degree in computer science, information systems management, mathematics, engineering, or other relevant discipline.Knowledge of web services feedsDemonstrated work experience in architecting new system solutions using current technologies, as well as transitioning existing systems into modern technologies without negatively impacting operational and compliance requirements.Demonstrated experience performing data assessment, data engineering, modeling and analytics to enable new methodologies for end user analysts, data scientists, etc.Demonstrated experience as a SME to prioritize and meet tactical and strategic requirements for frameworks and systems to process data.Demonstrated experience in information systems development across the IT lifecycle, with a focus on systems to perform high volume and velocity data processing on disparate data types/formats.Demonstrated experience architecting and delivering automated and scalable data process monitoring and data quality systems and processes.Must be a diverse thinker and be able to work in a large group setting.Write and edit technical documents and reports;Write, edit, and produce contents for contract deliverables: reports, training materials, presentation slides, letters, fact sheets, diagrams, and capability statements.Effectively communicate project expectations to team members and stakeholders in a timely and clear fashion.Communicate formally and informally through existing forums to stakeholders at all levels, including senior leadership.AWS, Atlassian Suite products like Jira/Confluence and AWS Cloud experience desired.Travel Requirements:Travel may be required both inside and outside the Washington National Capital Region (NCR). Equal Opportunity Employer/M/F/Disability/Vet/Sexual Orientation/Gender Identity"
"Database Engineer/ Data Scientist","Randstad Technologies","Redmond, WA",NA,"https://job-openings.monster.com/database-engineer-data-scientist-redmond-wa-us-randstad-technologies/212630049","job summary:Database Engineer/ Data Scientist needed for contract opportunity with Randstad Technologies client in Redmond, WA.Our client is responsible for powering some of the world's largest online services including over 200 client Online Services around the world with our server and data center infrastructure, security and compliance, operations, globalization, and manageability solutions.•Their focus is on smart growth, high efficiency, and delivering a trusted experience to customers and partners worldwide and we are looking for passionate, high energy engineers to help achieve that mission.•The Deployment Engineering and Operations team provides business services and operations that enable and support of Forecasting and Capacity Supply functions. You will be instrumental in collecting data around the processes and creating warehouse for various teams to consume.•They are looking for seasoned engineers with strong passion for customer focused solutions, insight and industry knowledge, and technical expertise who can envision and implement future technical solutions to manage and optimize Cloud infrastructure at scale. Responsibilities•This position will be providing database related development work for manufacturing process. Will be building a warehouse and building reports from the data warehouse. The engineer will be•responsible for automating pipelines to consume and process any data format. •responsible for setting up auditing and automating logs •need to work with big data technologies to work large data, like Hadoop, Azure, Databricks, SQL DW and SSAS•need to be able to write pipelines for big data technologies•need to work with architectures to setup and maintain the Big Data IaaS•need to create datamart and reports Skills•2+ Years experience working with big data technologies (Hadoop, Databricks, SQL DW and SSAS)•Solid database background, preferably SQL•Able to write pipelines for big data technologies•experience working with architectures to set up and maintain the big data LaaS•Experience creating datamart and reports location: Redmond, Washingtonjob type: Contractsalary: $40 - 50 per hourwork hours: 9am to 5pmeducation: Bachelors responsibilities:Responsibilities•This position will be providing database related development work for manufacturing process. Will be building a warehouse and building reports from the data warehouse. The engineer will be•responsible for automating pipelines to consume and process any data format. •responsible for setting up auditing and automating logs •need to work with big data technologies to work large data, like Hadoop, Azure, Databricks, SQL DW and SSAS•need to be able to write pipelines for big data technologies•need to work with architectures to setup and maintain the Big Data IaaS•need to create datamart and reports qualifications:•2+ Years experience working with big data technologies (Hadoop, Databricks, SQL DW and SSAS)•Solid database background, preferably SQL•Able to write pipelines for big data technologies•experience working with architectures to set up and maintain the big data LaaS•Experience creating datamart and reports skills: •2+ Years experience working with big data technologies (Hadoop, Databricks, SQL DW and SSAS)•Solid database background, preferably SQL•Able to write pipelines for big data technologies•experience working with architectures to set up and maintain the big data LaaS•Experience creating datamart and reportsEqual Opportunity Employer: Race, Color, Religion, Sex, Sexual Orientation, Gender Identity, National Origin, Age, Genetic Information, Disability, Protected Veteran Status, or any other legally protected group status."
"Data Scientist","Solugenix Corp","Phoenix, AZ",NA,"https://job-openings.monster.com/data-scientist-phoenix-az-us-solugenix-corp/213008000","Solugenix has been delivering comprehensive, managed-services IT solutions known for their innovation, value and dependability for the past 50 years. With a strong emphasis on innovation, Solugenix has now created an independent branded Data Science and AI based Incubation center for building next generation solutions which include new and emerging technologies around Machine Learning, Artificial Intelligence, Big Data, Data Science and distributed Cloud computing. Do you thrive on working on the cutting edge? Working with innovators in the early stages of ideas, products, or platforms? Do you crave new challenges and solving hard customer problems using the latest in technology? Do you want to become part of a high-energy team in AZ where you will play a key role in building a successful company that already has great traction?If you are passionate to work on unstructured business problems that can be solved using data, we would like to talk to you.Title: Data Scientist Location: Phoenix, AZDuration: Long Term Contract Key ResponsibilitiesWork on some of the latest applications of data science to business.Directly work with key stakeholders to define the business problem and determine solution requirements.Responsible for ensuring business value and communicating results, making presentations, etc. We are looking for candidates with the following skill sets:Technical – Able to comprehend complex tasks assigned and executes them with little to no supervision.Logical Thinking – Able to think analytically, use a systematic and logical approach to analyse data, problems, and situations. Notices discrepancies and inconsistencies in information and materials.Task Management – Basic level of project management knowledge and experience. Should be able to plan tasks, discuss and work on priorities.Customer Focus – Dedicated to meeting the expectations of internal and external clients.Problem Solving – Uses rigorous logic and methods to solve difficult problems with effective solutions. Probes all fruitful sources for answers. Is excellent at honest analysis. Looks beyond the obvious and doesn’t stop at the first answers.Communication – Able to convey ideas and information clearly and accurately to self or others whether in writing or verbal Desired Skills:Minimum 3 years of experience with Financial clients working on different ML problemsExtensive programming skills, ideally in Python. Proficiency in Numpy, Pandas and Scikit.Minimum 3 years hands on experience working with at least 2 out of SAS, SQL, Python, RMust have experience in using Statistical techniques like: Regression Modelling/ Optimization/ Statistical Techniques/Time Series Analysis/Forecasting/MultiClass Classification/ClusteringAdvanced knowledge of Machine Learning / Statistics.Knowledge of any deep learning frameworkExperience in Natural Language Processing/Computer Vision using Deep LearningExpert in using Excel and PowerPoint to draw and present insights to client problemsEducation:Masters or BS in any engineering discipline or in a quantitative discipline such as Statistics, Mathematics, Operations, Research, Economics or Econometrics from Top Tier schoolsThanks & RegardsTeetla KarthikKarthik.teetla@solugenix.com"
"Data Scientist 2019-4612","PROTECH","Boca Raton, FL",NA,"https://job-openings.monster.com/data-scientist-2019-4612-boca-raton-fl-us-protech/213004253","OverviewWe are looking for Data Scientists to join a top-notch product team in an innovative environment in the Boca Raton area. This is an exciting opportunity to work with the latest technologies for the healthcare industry. The primary responsibility of this role is to enhance current functionality and build new features to expand the depth and breadth of the core AI/ML components of RAPIDS.ResponsibilitiesImplement and validate machine learning models for our product offeringsStay up to date on cutting-edge research in the field Be exposed to and incorporate a variety of statistical and machine learning techniques such as neural networksUnderstand business needs and provide analytical solutions communicating with internal and external clients Deploy machine learning models and data processing pipelines in the cloud using AWSQualificationsProficiency with statistical programming in Python (Numpy, Scipy, Pandas, Scikit-Learn)Working knowledge of Python deep-learning frameworks such as TensorFlow/KerasKnowledge of NLP, especially deep-learning based approaches (LSTM, CNN, seq2seq) and vector representations of words (word2vec/GloVe)Experience with Git and DevOpsExcellent communication skillsBachelor's degree in Computer Science, Engineering, Statistics, Mathematics or related fields"
"Data Scientist (HCE)","Honeywell","Morris Plains, NJ",NA,"https://job-openings.monster.com/data-scientist-hce-morris-plains-nj-us-honeywell/212572121","The future is what you make it. When you join Honeywell, you becomea member of our global team of thinkers, innovators, dreamers and doers whomake the things that make the future. That means changing the way we fly,fueling jets in an eco-friendly way, keeping buildings smart and safe and evenmaking it possible to breathe on Mars. Working at Honeywell isn't justabout developing cool things. That's why all of our employees enjoy access todynamic career opportunities across different fields and industries. Are you ready to help us make thefuture? Are you a leader in the data science community who is looking to lead the application of data science techniques to new, innovative product and service offerings? Honeywell International is a $40 billion diversified Fortune 100 leader with more than 130,000 employees in 100 countries around the world. We invent and manufacture technologies that address some of the world's toughest challenges linked to global macro trends like energy efficiency, clean energy generation, safety and security, globalization, and customer productivity. We are building a world that's safer and more secure, more comfortable and energy efficient, more innovative and productive. Honeywell Aerospace has approximately 40,000 employees around the world and 2015 revenue of $15 billion. Thousands of Honeywell Aerospace technologies, products and services are found on virtually every commercial, defense and space aircraft worldwide."
"Lead Data Scientist","Synechron, Inc","New York City, NY",NA,"https://job-openings.monster.com/lead-data-scientist-new-york-city-ny-us-synechron-inc/213007941","We are seeking a Senior Data Scientist to join our fast growing award winning Data Science Team.ResponsibilitiesDesign and develop scalable solutions to complex problems using statistical modeling, machine learning, Natural Language Processing, Optical Character Recognition, and deep learning;Implement solutions in Python in multiple environments including Spark, AWS, and Azure;Manage junior data scientists in the implementation of machine learning solutions;Meet with clients to understand business use cases, identify needs, and formulate end-to-end solutions encompassing data ingestion, cleansing, modeling, and predictive and prescriptive analytics;Manage the ingestion and cleansing of large data sets using big data tools such as Spark;Translate solutions into business requirements;Independently formulate new ideas for solving client problems or providing clients with new tools for growing revenue, reducing cost, improving customer acquisition and retention, and automating business processes.Basic QualificationsHold a MS or PhD degree in a quantitative discipline: computer science, applied mathematics, statistics, operations research, management of information systems, engineering, economics, social sciences or equivalent; Programming skills in Python;Presentation skills including experience presenting complex ideas to clients and prospects;The ability to independently formulate solutions to complex problems or to otherwise think of potential solutions without guidance; 8+ years of total experience including 4+ years of experience developing machine learning systems in Python, Java, or a related programming language; Hands on experience with data mining, machine learning, econometric analysis or equivalent; Experience in Hadoop or other MapReduce paradigms and associated languages such as Spark;Experience with Unix/Linux environment for automating processes with shell scripting.Synechron’s collaborative culture and global network of Tier One banking clients provides an incredible environment for a data scientist to work on the most cutting-edge use cases in machine learning and artificial intelligence in finance. You will have the opportunity to work with some of the best data scientists anywhere in an environment which truly values innovation, creative thinking, and a proactive approach to problem solving. Exciting projects include building machine learning platforms for investment research, private wealth management, IPO underwriting, customer analytics, social AI, and retail and commercial banking. As a senior member of the Data Science team you will have the opportunity to lead teams and projects and to mentor junior data scientists in their development."
"Lead Data Scientist","Sezzle","MINNEAPOLIS, MN",NA,"https://job-openings.monster.com/lead-data-scientist-minneapolis-mn-us-sezzle/213014027","TITLE: Lead Data ScientistDUTIES: Lead a team of data scientists and lead machine learning/data analysis projects. Partner cross-functionally with product and finance teams to drive strategy & optimize tactics related to risk and credit decisions. Use statistical and technology-based techniques to design a consumer debt and credit risk model to address business needs. Implement a model to recognize fraud case patterns & develop strategies to eliminate them. Identify process bottlenecks using data analysis skills and provide solutions. Use data visualization tools to facilitate performance assessment procedure and decision-making for firm employees who are not data specialists. Analyze and interpret impact of credit and risk strategies in line with broader corporate goals. Sales, net loss, revenue and growth projection through mathematical modeling and Monte Carlo simulation. Mentor and teach junior data scientists in deep learning methodologies based on project requirements.REQUIREMENTS: M.S. in Financial Mathematics or Statistics or foreign degree equivalent. Programming Languages: Python, C#, Golang, MATLAB; DB & Management Skills: MySQL, PostgreSQL, Prometheus SQL, Amazon Redshift, Object and Relational DB; Machine/Deep Learning Skills: Supervised & Unsupervised Learning, SVM, Pattern Recognition, Dimensionality Reduction, Reinforcement Learning, Convolutional Neural Networks, TensorFlow, Anomaly Detection, Optimization Algorithms, Monte Carlo Simulation; Business Intel Tools: Amazon Quicksight, Apache Superset, Grafana, Tableau. Demonstrate required skills through satisfactory completion of academic course work or project completion in graduate level program. Must complete “Data and Development” challenge during interview process to prove technical skills and abilities. The challenge should be completed within 2 hours using Python Jupyter notebook.SALARY: $95,000/yearHOURS: 40 hrs/week, M - F"
"Data Scientist","Meridian","Detroit, MI",NA,"https://job-openings.monster.com/data-scientist-detroit-mi-us-meridian/212778124","OverviewWho we are:Meridian, a WellCare Company, is part of a national network of passionate leaders, achievers, and innovators dedicated to making a difference in the lives of our members, our providers and in the healthcare industry.We provide government-based health plans (Medicare, Medicaid, and the Health Insurance Marketplace) in Michigan, Illinois, Indiana, and Ohio. As a part of the WellCare Family of companies, we deliver healthcare excellence to millions of members nationwide.Our associates work hard, play hard, and give back. Meridian associates enjoy an exceptional experience and culture including special events, company sports teams, potlucks, Bagel Fridays, and volunteer opportunities. A Day in the Life of a Data Scientist:The Data Scientist is part of a team that researches and investigates business problems through quantitative analysis using healthcare cost, utilization, clinical, assessment, and external data. This position also conducts the on-going presentation of analysis results and findings to support clinical programs, healthcare business operations, performance and improvement.ResponsibilitiesEssential Functions: Gather and prepare analyses based on information from internal and external sources to evaluate and demonstrate program effectiveness and efficiency (10%) Leverage knowledge of programming, mathematics and computer science to transform the way our company does business Translate business opportunities into data-driven big-data and modeling solutions using statistical, econometric or data-mining tools and methods Analyze and extract data from the Enterprise Data Warehouse (EDW) to report to internal and external customers (5%) Working in big data environment with Oracle and Hadoop environment to bring actionable insights with R, SAS, Python or other statistical packages Research complex functional processes and industry standards using a variety of resources (5%) Educate the organization both from IT and the business perspectives on new analytic methods and technologies Develop and prepare highly complex reports and provide and/or interpret information and data across divisions and departments (15%) Communicate complex analysis clearly to all audience through use of data visualization tool such as Tableau Gain an understanding of how data integrates across multiple transaction systems to create complex reporting solutions for actionable insights Assume responsibility for data integrity among various internal groups and/or between internal and external sources (5%) Design integrated and clinically-based engineering, management, medical and environmental solutions aiming at providing person-centered care to members, households and their respective communities with emphasis on health, social, economic and environmental sustainability (15%) Using statistical methods such as linear models (linear regression, generalized linear regression, logistic regression) and nonlinear modeling techniques to build predictive models to help drive better member engagement and impactability Lead the research and development of predictive models and capabilities using machine learning and artificial intelligence Segment target population using supervised (classification) and unsupervised (clustering) learning methods to identify most impactful members Conduct economic/outcomes analyses to quantify savings obtained from integrated solutions.(10%) Evaluate return of investment (ROI), utilization and compare them with pre-defined goals to measure effectiveness of program Develop meaningful data visualizations in form of dashboards to communicate results and empower senior executives’ decision making process Develop systematic and scalable reporting processes and procedures to ensure timely delivery of weekly, monthly, quarterly, annual and ad hoc reporting to management (10%) Develop and improve algorithms like risk stratification methodology, pregnancy identification, etc. that is applied to all member on a monthly basis Recommend and implement new or modified reporting methods and procedures to improve report content and completeness of information (15%) Analyze benchmarking data, reports, processes, and measurements for key managed care indicators to recognize trends and assist in developing population health initiatives Serve as a mentor to junior staff (5%) Perform all other related duties as assigned (5%)QualificationsJob Requirements:Education:Master’s Degree or higher in Data Science, Biostatistics/Statistics, Econometrics or related field Experience:5+ years of experience in advanced analytics experience, machine learning, statistics, or econometrics role and who has solid analytical skills using, SAS, R, or Python Advanced knowledge of statistical and mathematical principles Experience in Regression Analysis, Predictive Modeling, Data Mining, Machine Learning and Forecasting Experience in Propensity Modeling for control group and treatment group testing Experience in designing research experiments and measuring their effectiveness. Experience with healthcare claims data Experience with peer-reviewed publications Experience with Six Sigma, Triple Aim and/or other relevant Project Management tools Strong SQL Scripting, Statistical Programming, Data Visualization and Communication skills Ability to interpret and communicate statistical results to a non-technical audience Working knowledge of Predictive Modeling and Grouper tools such as John Hopkins ACG System, Optum Symmetry, or related population health platform system(s) Knowledge:Must be familiar with common database architectures and understand how to extract necessary data Must have strong proficiency in MS Excel (pivot tables, macros, lookups, etc.) and common analytic tools such as SAS, SQL, SPSS (writing queries, troubleshooting queries, extracting data, etc.) Knowledge about Medicare, Medicaid and Commercial Managed Care preferred Working knowledge of Healthcare Effectiveness Data Information Set (HEDIS) specifications and CAHPS survey requirements Knowledge of health care quality improvement processes and documentation Skills/Tools:At least 2 years of experience with SQL Server or Oracle At least 2 years of experience with SAS or R At least 2 years of experience with MS Excel At least 2 years of experience with Data Visualization in Excel, R or Tableau Experience with Oracle BI Answers a plus, not required Experience with MS Access a plus, not required Excellent written, verbal, presentation skills and inter-personal skills Strong clinical analytical and data interpretation skills Strong project management skills required; must be very organized and detail oriented Strong written and oral communication skills required; must be able to interact with all levels within an organization Abilities:Must be able to execute complex clinical analyses using sound epidemiological concepts and methodologies Must be able to produce requested analyses on a production schedule Ability to present analytical findings to leadership to enable data-driven decisions Must be able to interact with a variety of clinical operations SMEs to organize analytic plans and requirements for clinical analytic requests Ability to work in a collaborative, virtual team environment and analyze problems using a team approachMust be a team player and someone with ability to work with minimal guidance in fast-paced work environment.Ability to influence and manage a diverse set of stakeholders (clinical and nonclinical), both internally and externally Ability to think creatively to resolve common barriers and issues Ability to deal with ambiguity of ad hoc reporting requests, ask questions to seek clarification, and deliver results #MSTR"
"Data Scientist Analyst","Epitec, Inc.","Dearborn, MI",NA,"https://job-openings.monster.com/data-scientist-analyst-dearborn-mi-us-epitec-inc/213008005","POSITION:Data Scientist AnalystJOB TYPE:W2 Full-time ContractLOCATION:Dearborn, Michigan JOB SUMMARY FOR DATA SCIENTIST ANALYST:The role of the Data Operations Analyst is an important enabler of the development of the organization's Data Supply Chain. The Data Analyst will ensure that overall data standards, information interoperability, data quality, and data availability fully support the goals of GDI&A. The Data Operations Analyst works closely with GDI&A Analytics teams, IT Data Supply Chain, Data Governance, the Business, and external solution partners to drive alignment and delivery of the Data Supply Chain and brings data up to quality required to deliver on the business objectives. The Data Operations Analyst provides thought and technology leadership as a data SME in GDI&A for assigned areas (e.g. Manufacturing, MP&L). The Data Operations Analyst also supports select Advanced Analytics and Data Science projects. REQUIRED EXPERIENCE FOR DATA SCIENTIST ANALYST:One or more years of progressive responsibilities managing data and data processesExperience with ETL tools such as Alteryx.Experience with visualization tools such as QlikView or TableauExperience with SQL, R, Python, or JavaExperience working in Hadoop, particularly with HDFS and HiveExperience working with data in Informatica SKILLS AND QUALIFICATIONS FOR DATA SCIENTIST ANALYST:Experience in the Manufacturing and/or MP&L domain or working with Manufacturing and/or MP&L data.Experience developing data standardsAbility to effectively communicate information and ideas in written and verbal formats, including process documentationStrong collaboration and influencing skills, and the ability to energize a cross-functional team • Demonstrated problem formulation with the ability to take complex problems and break them down to create and implement an action planAbility to communicate findings to make data analysis actionable and understandable by Data Operations team members, business partners, including IT and analytic teamsAbility to effectively communicate information and ideas in written and verbal formats, including process documentation Why should you choose Epitec?We started Epitec with a single focus, “Placing People First.” Knowing every good endeavor begins with listening and understanding, we’ve set about challenging every part of the employment process. Bringing the proper connections together for the perfect fit.How is Epitec different?Epitec gets to know our prospective employees, using these insights to locate the perfect placement for you. We are there, every step of the way. Providing a best-in-class compensation package combined with the opportunity to grow financially and personally through your work.What is the result?Epitec represents the world’s top companies and works to fill their open jobs with the world’s best talent. That’s led to Epitec servicing an impressive list of Fortune 100 companies. We've also won many awards, including one of Crain’s Detroit Business “Cool Places to Work,” and 101 Best & Brightest – local, national and elite winner. And that’s just the beginning, as we work to innovate the way the world thinks about employment."
"Data Scientist","Genuent","Thousand Oaks, CA",NA,"https://job-openings.monster.com/data-scientist-thousand-oaks-ca-us-genuent/213017346","*Please email resumes directly to csierra@genuent.com Data Scientist - Long Term Project - Thousand Oaks, CAOverviewDigital Integration & Predictive Technologies (DIPT) team (within Process Development) is searching for a Data Scientist (CW) to supports its multiple digital data programs.This person will advance real-time machine learning efforts by building machine learning models and supporting their implementation and deployment through collaborations with cross-functional Client stakeholders.The ideal candidate enjoys tackling challenges and excels at organizing information from numerous sources to provide well-constructed deliverables.Responsibilities will include, but are not limited to:• Implementing machine learning applications through integration of multiple data sources;• Leveraging large data sets to conduct end-to end analytics that will include data gathering, requirements specifications, processing, analytics, ongoing deliverables, and presentations;• Interacting cross-functionally with a wide variety of people and teams; and• Working closely with engineers to identify opportunities for process design improvements.What we are looking for:• Experience with interpreting and extracting meaning from different types of data sets• Excellent communication skills (written and verbal)• Must have a helpful personality and like to address challenges in a collaborative way• Qualified to work in the U.S. without employer sponsorship• Commitment of a 40-hour work week in Thousand Oaks, California• Ability to travel (~5-10%) domestically and internationallyPreferred Qualifications• M.Sc., in Engineering or Computer Sciences• Expertise working with large data sets, data mining, and machine learning tools• Experience in various artificial intelligence applications• Expertise in Python and/or R and/or SQL programming languages• Understanding of biopharmaceuticals process and related unit operations, including analytical methods and process controls• Strong analytical skills with the ability to collect, organize, analyze, and disseminate significant amounts of information with attention to detail and accuracy• Independent, self-motivated, organized, able to multi-task in time-sensitive environments, and skilled in communication, facilitation, and collaboration• Familiarity with DevOps and software best practices (i.e., version control, continuous integration, test driven development)"
"Data Scientist","Powertek Corporation","Washington, DC",NA,"https://job-openings.monster.com/data-scientist-washington-dc-us-powertek-corporation/212802402","Data Scientist Why Work Here? “Join a dynamic development team where you are valued both professionally and personally, and where you can contribute to missions of national significance.” Powertek has a great opportunity for a Senior-level Data Scientist that thrives in an environment of high performance. We will invest in your the capabilities through training, mentoring, and opportunities for promotion. If you are passionate about data science and have a strong desire to join a dynamic team working to build robust tools in the National Security and other security-related realms, we encourage you to contact us and provide your resume. Powertek is one of CIO Bulletin’s 30 Great Places to Work for 2018.This position will provide competitive salary and benefits. Powertek is proud to be an Equal Opportunity Employer and does not discriminate against minorities, women, protected veterans, and disabled individuals with regards to any employment decisions, to include hiring. GENERAL SUMMARY: The Senior Data Scientist will build and improve analytic pipelines to consolidate multiple data sources, perform analytic processing, and produce actionable business information (e.g., top-10 lists, pattern-matches, exceptions, or lists of 'needles in the haystack'). S/he will apply hands-on development skills and experience as an expert in analytics, data science, pattern recognition, and predictive models. The Senior Data Scientist will build, redevelop/modernize, optimize, and recommend cloud and server-based data science, analytics, and visualization solutions. The Senior Data Scientist may build classifiers, machine learning systems, state-of-the-art data mining methods, and anomaly detection systems. In addition to building analytics solutions, the position will require managing deliverables and projects through the entire project lifecycle (initiate, plan, execute, control, close, continuous improvement) and working with stakeholders to understand and document requirements, goals. THE SENIOR DATA SCIENTIST SHOULD POSSESS: Proven experience automating analytics and data science processes for routine useExpertise in SQL, Hive, Pig, etc. Experience with Java/Python/Hadoop a plusExperience with data science toolkits, such as R, Weka, NumPy, MatLab Experience with data visualization tools, such as D3.js and GGplot Excellent understanding of machine learning techniques and algorithms, such as k-NN, naïve Bayes, SVM, Decision Forests, etc. Strong experience in data mining, statistical analysis, data structures, and common methods in data transformation Excellent pattern recognition and predictive modelling skills Willingness and ability to document project design, development, and projects as needed SECURITY CLEARANCE: Candidates must possess a current TS clearance and SCI clearance eligibility QUALIFICATIONS This position requires 10 years of relevant experience in quantitative data analysis"
"PART TIME Data Scientist Apprentice (bilingual)","Apex Systems","Austin, TX",NA,"https://job-openings.monster.com/part-time-data-scientist-apprentice-bilingual-austin-tx-us-apex-systems/212948212","Job Description Job #: 1011586Needed: Data Scientist Apprentice/Data Annotator/Labeler# of openings: 2 Type: PART-TIME (10-15 HRS A WEEK)Assignment Duration: 6 months with possible extensionLocation: Austin, TX 78758-- able to work from home once caught up to speed (manager would prefer individual come onsite as it is more beneficial). Job Description:The data science team is looking for part-time Data Annotators / Labelers to annotate hundreds of thousands to millions of textual and pictorial records to train machine learning algorithms. The ideal candidate would be in their Freshman or Sophomore year in school, be local to the Austin area and speak fluent English and at least one of Portuguese, French or Italian.Must Have Skills:-Bilingual English + (Portuguese, French, German Italian)-Familiarity with Data Science, Data Labeling and or Machine Learning (interest in pursuing this career path).-Pursuit of bachelors in Computer Science, Computer Vision or related subject matter.- No actual professional experience required.Nice to have skills (not required):- Experience annotating text in prodigy, GATE,BRAT, or Figure Eight (previously known as Crowdflower) EEO EmployerApex Systems is an equal opportunity employer. We do not discriminate or allow discrimination on the basis of race, color, religion, creed, sex (including pregnancy, childbirth, breastfeeding, or related medical conditions), age, sexual orientation, gender identity, national origin, ancestry, citizenship, genetic information, registered domestic partner status, marital status, disability, status as a crime victim, protected veteran status, political affiliation, union membership, or any other characteristic protected by law. Apex will consider qualified applicants with criminal histories in a manner consistent with the requirements of applicable law. If you have visited our website in search of information on employment opportunities or to apply for a position, and you require an accommodation in using our website for a search or application, please contact our Employee Services Department at 844-463-6178-6178."
"Data Scientist","VanderHouwen","Beaverton, OR",NA,"https://job-openings.monster.com/data-scientist-beaverton-or-us-vanderhouwen/212551005","Job ID: 42999 ***Not able to use 3rd Party Agencies*** Data Scientist Our client is looking to hire a Data Scientist for their team located in Beaverton, Oregon. As a Data Scientist you will be using data to help inform store leadership on the best path forward to better serve consumers and their evolving needs. You will provide insights that will shape our client's strategy in all business aspects including Product, Service and Environment. You will support a cross-functional team on initiatives that help guide partners on how to interpret and understand data-driven results. You will analyze, interpret and communicate data and key metrics. This position requires a high-energy, self-motivated individual with strong technical and analytical skills, high detail-orientation and excellent written and verbal communication. Candidates with financial, strategic planning or business analytics experience in a retail environment preferred. The right individual will be on top of retail trends; understand the intricacies of a wholesale versus retail model and understand the opportunities that can drive the our client's brand. Data Scientist Qualifications Bachelor's degree in Business, Finance, Economics, Marketing, or a related field (an additional 2 years of experience in lieu of a related degree).Minimum 3-6 years of relevant professional experience.Advanced Microsoft Excel skills required.Advanced SQL skills required.Ability to perform advanced analysis using R, SAS, SPSS, or related statistical package.Familiarity with Python, or related scripting language.Moderate to advanced Tableau skills preferred.Proven ability to sift through data, identify critical information, analyze, develop hypotheses and make recommendations required.Strong presentation skills, with excellent written and verbal communication skills, including results packaging and development of management presentations.Experience synthesizing and packaging complex analyses and delivering results to non-technical audiences including senior leadership teams.Ability to develop strong partnerships across a multi-layered organization required.Experience in developing an understanding of customers, competitors, and retail trends; knowledge of sports apparel and footwear market preferred. Benefits Benefits are available to eligible VanderHouwen contractors and include coverage for medical, dental, vision, life insurance, short and long term disability, and matching 401k. About VanderHouwen VanderHouwen is an award-winning, Women-Owned, WBENC certified professional staffing firm. Founded in 1987, VanderHouwen has been successfully placing experienced professionals throughout the Pacific Northwest and nationwide. Our recruitment teams are highly specialized in either Technology and IT, Engineering, or Accounting and Finance career markets. Our recruiters value building meaningful, professional relationships with each candidate as well as developing honed knowledge of companies' staffing needs and workplaces. Partner with us to land your next exciting career. VanderHouwen is an Equal Opportunity Employer and participates in E-Verify. VanderHouwen does not discriminate on the basis of race, color, religion, sex, national origin, age, disability, or any other characteristic protected by applicable local, state or federal civil rights laws."
